filename_audio,path_audio,duration,sr,tempo,rms,spectral_centroid,stem,filename_lyrics,path_lyrics,chars,tokens
10._Disparan_-_criatura.mp3,..\data\audio\10._Disparan_-_criatura.mp3,160.0,44100,97.50884433962264,0.18453340232372284,3562.43565666713,10._Disparan_-_criatura,10._Disparan_-_criatura.txt,..\data\lyrics\10._Disparan_-_criatura.txt,1012,194
10._Disparan_-_criatura.mp3,..\data\audio\10._Disparan_-_criatura.mp3,160.0,44100,97.50884433962264,0.18453340232372284,3562.43565666713,10._Disparan_-_criatura,10._Disparan_-_criatura.words.txt,..\data\lyrics\10._Disparan_-_criatura.words.txt,1005,194
1_Freak_-_Automatisch_Gekommen.mp3,..\data\audio\1_Freak_-_Automatisch_Gekommen.mp3,188.4,44100,99.38401442307692,0.059924256056547165,3637.1436921768345,1_Freak_-_Automatisch_Gekommen,1_Freak_-_Automatisch_Gekommen.txt,..\data\lyrics\1_Freak_-_Automatisch_Gekommen.txt,1998,374
1_Freak_-_Automatisch_Gekommen.mp3,..\data\audio\1_Freak_-_Automatisch_Gekommen.mp3,188.4,44100,99.38401442307692,0.059924256056547165,3637.1436921768345,1_Freak_-_Automatisch_Gekommen,1_Freak_-_Automatisch_Gekommen.words.txt,..\data\lyrics\1_Freak_-_Automatisch_Gekommen.words.txt,1988,374
Avercage_-_Embers.mp3,..\data\audio\Avercage_-_Embers.mp3,242.55691609977325,44100,129.19921875,0.19906440377235413,2819.767407415399,Avercage_-_Embers,Avercage_-_Embers.txt,..\data\lyrics\Avercage_-_Embers.txt,985,202
Avercage_-_Embers.mp3,..\data\audio\Avercage_-_Embers.mp3,242.55691609977325,44100,129.19921875,0.19906440377235413,2819.767407415399,Avercage_-_Embers,Avercage_-_Embers.words.txt,..\data\lyrics\Avercage_-_Embers.words.txt,976,202
Baila_-_Alfonso_Lugo.mp3,..\data\audio\Baila_-_Alfonso_Lugo.mp3,210.48145124716552,44100,90.66611842105263,0.23634186387062073,2980.425146398336,Baila_-_Alfonso_Lugo,Baila_-_Alfonso_Lugo.txt,..\data\lyrics\Baila_-_Alfonso_Lugo.txt,1444,284
Baila_-_Alfonso_Lugo.mp3,..\data\audio\Baila_-_Alfonso_Lugo.mp3,210.48145124716552,44100,90.66611842105263,0.23634186387062073,2980.425146398336,Baila_-_Alfonso_Lugo,Baila_-_Alfonso_Lugo.words.txt,..\data\lyrics\Baila_-_Alfonso_Lugo.words.txt,1436,284
Besando_Sapos_-_Dream_Tabu.mp3,..\data\audio\Besando_Sapos_-_Dream_Tabu.mp3,250.53061224489795,44100,117.45383522727273,0.17612548172473907,2805.1393822145487,Besando_Sapos_-_Dream_Tabu,Besando_Sapos_-_Dream_Tabu.txt,..\data\lyrics\Besando_Sapos_-_Dream_Tabu.txt,1158,228
Besando_Sapos_-_Dream_Tabu.mp3,..\data\audio\Besando_Sapos_-_Dream_Tabu.mp3,250.53061224489795,44100,117.45383522727273,0.17612548172473907,2805.1393822145487,Besando_Sapos_-_Dream_Tabu,Besando_Sapos_-_Dream_Tabu.words.txt,..\data\lyrics\Besando_Sapos_-_Dream_Tabu.words.txt,1147,228
Bitte_beweg_dich_nicht_-_Bukto.mp3,..\data\audio\Bitte_beweg_dich_nicht_-_Bukto.mp3,273.35632653061225,44100,178.20581896551724,0.1638280302286148,2771.373553785453,Bitte_beweg_dich_nicht_-_Bukto,Bitte_beweg_dich_nicht_-_Bukto.txt,..\data\lyrics\Bitte_beweg_dich_nicht_-_Bukto.txt,1905,353
Bitte_beweg_dich_nicht_-_Bukto.mp3,..\data\audio\Bitte_beweg_dich_nicht_-_Bukto.mp3,273.35632653061225,44100,178.20581896551724,0.1638280302286148,2771.373553785453,Bitte_beweg_dich_nicht_-_Bukto,Bitte_beweg_dich_nicht_-_Bukto.words.txt,..\data\lyrics\Bitte_beweg_dich_nicht_-_Bukto.words.txt,1899,353
Burn_Out_Man_-_Abendblau.mp3,..\data\audio\Burn_Out_Man_-_Abendblau.mp3,259.8608163265306,44100,123.046875,0.15080228447914124,2483.843262385609,Burn_Out_Man_-_Abendblau,Burn_Out_Man_-_Abendblau.txt,..\data\lyrics\Burn_Out_Man_-_Abendblau.txt,1787,336
Burn_Out_Man_-_Abendblau.mp3,..\data\audio\Burn_Out_Man_-_Abendblau.mp3,259.8608163265306,44100,123.046875,0.15080228447914124,2483.843262385609,Burn_Out_Man_-_Abendblau,Burn_Out_Man_-_Abendblau.words.txt,..\data\lyrics\Burn_Out_Man_-_Abendblau.words.txt,1775,336
CHRISTMAS_AVEC_TOI_-_imfreshyourepretty.mp3,..\data\audio\CHRISTMAS_AVEC_TOI_-_imfreshyourepretty.mp3,233.63321995464852,44100,143.5546875,0.29108697175979614,3152.8702356780254,CHRISTMAS_AVEC_TOI_-_imfreshyourepretty,CHRISTMAS_AVEC_TOI_-_imfreshyourepretty.txt,..\data\lyrics\CHRISTMAS_AVEC_TOI_-_imfreshyourepretty.txt,1766,366
CHRISTMAS_AVEC_TOI_-_imfreshyourepretty.mp3,..\data\audio\CHRISTMAS_AVEC_TOI_-_imfreshyourepretty.mp3,233.63321995464852,44100,143.5546875,0.29108697175979614,3152.8702356780254,CHRISTMAS_AVEC_TOI_-_imfreshyourepretty,CHRISTMAS_AVEC_TOI_-_imfreshyourepretty.words.txt,..\data\lyrics\CHRISTMAS_AVEC_TOI_-_imfreshyourepretty.words.txt,1758,366
CLUB_DESTINO__-_Pensando_en_ti_-_CLUB_DESTINO.mp3,..\data\audio\CLUB_DESTINO__-_Pensando_en_ti_-_CLUB_DESTINO.mp3,218.97380952380954,44100,147.65625,0.17608976364135742,5433.585636908347,CLUB_DESTINO__-_Pensando_en_ti_-_CLUB_DESTINO,CLUB_DESTINO__-_Pensando_en_ti_-_CLUB_DESTINO.txt,..\data\lyrics\CLUB_DESTINO__-_Pensando_en_ti_-_CLUB_DESTINO.txt,1017,204
CLUB_DESTINO__-_Pensando_en_ti_-_CLUB_DESTINO.mp3,..\data\audio\CLUB_DESTINO__-_Pensando_en_ti_-_CLUB_DESTINO.mp3,218.97380952380954,44100,147.65625,0.17608976364135742,5433.585636908347,CLUB_DESTINO__-_Pensando_en_ti_-_CLUB_DESTINO,CLUB_DESTINO__-_Pensando_en_ti_-_CLUB_DESTINO.words.txt,..\data\lyrics\CLUB_DESTINO__-_Pensando_en_ti_-_CLUB_DESTINO.words.txt,1006,204
Cafe_Jenseitz_Bebelstraße_-_kangaroo.musique.mp3,..\data\audio\Cafe_Jenseitz_Bebelstraße_-_kangaroo.musique.mp3,247.83678004535147,44100,161.4990234375,0.1935439258813858,2553.353506292498,Cafe_Jenseitz_Bebelstraße_-_kangaroo.musique,Cafe_Jenseitz_Bebelstraße_-_kangaroo.musique.txt,..\data\lyrics\Cafe_Jenseitz_Bebelstraße_-_kangaroo.musique.txt,484,92
Cafe_Jenseitz_Bebelstraße_-_kangaroo.musique.mp3,..\data\audio\Cafe_Jenseitz_Bebelstraße_-_kangaroo.musique.mp3,247.83678004535147,44100,161.4990234375,0.1935439258813858,2553.353506292498,Cafe_Jenseitz_Bebelstraße_-_kangaroo.musique,Cafe_Jenseitz_Bebelstraße_-_kangaroo.musique.words.txt,..\data\lyrics\Cafe_Jenseitz_Bebelstraße_-_kangaroo.musique.words.txt,481,92
Capotes_à_un_Franc_-_elmanu.mp3,..\data\audio\Capotes_à_un_Franc_-_elmanu.mp3,187.9625850340136,44100,105.46875,0.167984277009964,2702.740481895211,Capotes_à_un_Franc_-_elmanu,Capotes_à_un_Franc_-_elmanu.txt,..\data\lyrics\Capotes_à_un_Franc_-_elmanu.txt,1296,273
Capotes_à_un_Franc_-_elmanu.mp3,..\data\audio\Capotes_à_un_Franc_-_elmanu.mp3,187.9625850340136,44100,105.46875,0.167984277009964,2702.740481895211,Capotes_à_un_Franc_-_elmanu,Capotes_à_un_Franc_-_elmanu.words.txt,..\data\lyrics\Capotes_à_un_Franc_-_elmanu.words.txt,1291,273
Caralibro_-_Vagos_Permanentes.mp3,..\data\audio\Caralibro_-_Vagos_Permanentes.mp3,278.61124716553286,44100,87.5926906779661,0.2084508240222931,3289.5662024662906,Caralibro_-_Vagos_Permanentes,Caralibro_-_Vagos_Permanentes.txt,..\data\lyrics\Caralibro_-_Vagos_Permanentes.txt,1033,211
Caralibro_-_Vagos_Permanentes.mp3,..\data\audio\Caralibro_-_Vagos_Permanentes.mp3,278.61124716553286,44100,87.5926906779661,0.2084508240222931,3289.5662024662906,Caralibro_-_Vagos_Permanentes,Caralibro_-_Vagos_Permanentes.words.txt,..\data\lyrics\Caralibro_-_Vagos_Permanentes.words.txt,1033,211
Color_Out_-_Falling_Star.mp3,..\data\audio\Color_Out_-_Falling_Star.mp3,221.97845804988663,44100,161.4990234375,0.236750066280365,2717.4483364607395,Color_Out_-_Falling_Star,Color_Out_-_Falling_Star.txt,..\data\lyrics\Color_Out_-_Falling_Star.txt,1086,247
Color_Out_-_Falling_Star.mp3,..\data\audio\Color_Out_-_Falling_Star.mp3,221.97845804988663,44100,161.4990234375,0.236750066280365,2717.4483364607395,Color_Out_-_Falling_Star,Color_Out_-_Falling_Star.words.txt,..\data\lyrics\Color_Out_-_Falling_Star.words.txt,1081,247
Confession_-_Quesabe.mp3,..\data\audio\Confession_-_Quesabe.mp3,147.7950113378685,44100,129.19921875,0.1252478063106537,3453.8512176053164,Confession_-_Quesabe,Confession_-_Quesabe.txt,..\data\lyrics\Confession_-_Quesabe.txt,1846,401
Confession_-_Quesabe.mp3,..\data\audio\Confession_-_Quesabe.mp3,147.7950113378685,44100,129.19921875,0.1252478063106537,3453.8512176053164,Confession_-_Quesabe,Confession_-_Quesabe.words.txt,..\data\lyrics\Confession_-_Quesabe.words.txt,1835,401
Cortez_-_Feel__Stripped_.mp3,..\data\audio\Cortez_-_Feel__Stripped_.mp3,240.56163265306122,44100,99.38401442307692,0.14612340927124023,2791.4411108174495,Cortez_-_Feel__Stripped_,Cortez_-_Feel__Stripped_.txt,..\data\lyrics\Cortez_-_Feel__Stripped_.txt,1577,376
Cortez_-_Feel__Stripped_.mp3,..\data\audio\Cortez_-_Feel__Stripped_.mp3,240.56163265306122,44100,99.38401442307692,0.14612340927124023,2791.4411108174495,Cortez_-_Feel__Stripped_,Cortez_-_Feel__Stripped_.words.txt,..\data\lyrics\Cortez_-_Feel__Stripped_.words.txt,1569,376
Culture_&_Co._-_cool.cavemen.mp3,..\data\audio\Culture_&_Co._-_cool.cavemen.mp3,212.03668934240363,44100,139.6748310810811,0.28636330366134644,2682.7188953330274,Culture_&_Co._-_cool.cavemen,Culture_&_Co._-_cool.cavemen.txt,..\data\lyrics\Culture_&_Co._-_cool.cavemen.txt,655,138
Culture_&_Co._-_cool.cavemen.mp3,..\data\audio\Culture_&_Co._-_cool.cavemen.mp3,212.03668934240363,44100,139.6748310810811,0.28636330366134644,2682.7188953330274,Culture_&_Co._-_cool.cavemen,Culture_&_Co._-_cool.cavemen.words.txt,..\data\lyrics\Culture_&_Co._-_cool.cavemen.words.txt,650,138
DON_VALDES_-_Tu_sais_Man.mp3,..\data\audio\DON_VALDES_-_Tu_sais_Man.mp3,209.13204081632654,44100,151.99908088235293,0.17529332637786865,3324.0168478750475,DON_VALDES_-_Tu_sais_Man,DON_VALDES_-_Tu_sais_Man.txt,..\data\lyrics\DON_VALDES_-_Tu_sais_Man.txt,2579,523
DON_VALDES_-_Tu_sais_Man.mp3,..\data\audio\DON_VALDES_-_Tu_sais_Man.mp3,209.13204081632654,44100,151.99908088235293,0.17529332637786865,3324.0168478750475,DON_VALDES_-_Tu_sais_Man,DON_VALDES_-_Tu_sais_Man.words.txt,..\data\lyrics\DON_VALDES_-_Tu_sais_Man.words.txt,2567,523
Da_wurdest_du_geboren_-_Alice_Tlustos_.mp3,..\data\audio\Da_wurdest_du_geboren_-_Alice_Tlustos_.mp3,207.3610657596372,44100,123.046875,0.14275453984737396,3000.786156367811,Da_wurdest_du_geboren_-_Alice_Tlustos_,Da_wurdest_du_geboren_-_Alice_Tlustos_.txt,..\data\lyrics\Da_wurdest_du_geboren_-_Alice_Tlustos_.txt,869,148
Da_wurdest_du_geboren_-_Alice_Tlustos_.mp3,..\data\audio\Da_wurdest_du_geboren_-_Alice_Tlustos_.mp3,207.3610657596372,44100,123.046875,0.14275453984737396,3000.786156367811,Da_wurdest_du_geboren_-_Alice_Tlustos_,Da_wurdest_du_geboren_-_Alice_Tlustos_.words.txt,..\data\lyrics\Da_wurdest_du_geboren_-_Alice_Tlustos_.words.txt,864,148
Der_Baum_-_Dienstag_is_Damensauna_(2).mp3,..\data\audio\Der_Baum_-_Dienstag_is_Damensauna_(2).mp3,209.24700680272107,44100,109.95678191489361,0.3597103953361511,3089.591720756501,Der_Baum_-_Dienstag_is_Damensauna_(2),Der_Baum_-_Dienstag_is_Damensauna_(2).txt,..\data\lyrics\Der_Baum_-_Dienstag_is_Damensauna_(2).txt,1244,223
Der_Baum_-_Dienstag_is_Damensauna_(2).mp3,..\data\audio\Der_Baum_-_Dienstag_is_Damensauna_(2).mp3,209.24700680272107,44100,109.95678191489361,0.3597103953361511,3089.591720756501,Der_Baum_-_Dienstag_is_Damensauna_(2),Der_Baum_-_Dienstag_is_Damensauna_(2).words.txt,..\data\lyrics\Der_Baum_-_Dienstag_is_Damensauna_(2).words.txt,1233,223
Der_Musiker_-_d-music.mp3,..\data\audio\Der_Musiker_-_d-music.mp3,270.8297052154195,44100,105.46875,0.15912911295890808,3696.393635452176,Der_Musiker_-_d-music,Der_Musiker_-_d-music.txt,..\data\lyrics\Der_Musiker_-_d-music.txt,1958,360
Der_Musiker_-_d-music.mp3,..\data\audio\Der_Musiker_-_d-music.mp3,270.8297052154195,44100,105.46875,0.15912911295890808,3696.393635452176,Der_Musiker_-_d-music,Der_Musiker_-_d-music.words.txt,..\data\lyrics\Der_Musiker_-_d-music.words.txt,1947,360
Die_Revolution_gehört_Dir!_-_partysahnen.mp3,..\data\audio\Die_Revolution_gehört_Dir!_-_partysahnen.mp3,167.47664399092972,44100,147.65625,0.22095011174678802,3653.332499088976,Die_Revolution_gehört_Dir!_-_partysahnen,Die_Revolution_gehört_Dir!_-_partysahnen.txt,..\data\lyrics\Die_Revolution_gehört_Dir!_-_partysahnen.txt,907,156
Die_Revolution_gehört_Dir!_-_partysahnen.mp3,..\data\audio\Die_Revolution_gehört_Dir!_-_partysahnen.mp3,167.47664399092972,44100,147.65625,0.22095011174678802,3653.332499088976,Die_Revolution_gehört_Dir!_-_partysahnen,Die_Revolution_gehört_Dir!_-_partysahnen.words.txt,..\data\lyrics\Die_Revolution_gehört_Dir!_-_partysahnen.words.txt,901,156
Diosa_de_la_noche_-_Brunela_Crochenci.mp3,..\data\audio\Diosa_de_la_noche_-_Brunela_Crochenci.mp3,230.0554648526077,44100,90.66611842105263,0.12921686470508575,2174.6100945684334,Diosa_de_la_noche_-_Brunela_Crochenci,Diosa_de_la_noche_-_Brunela_Crochenci.txt,..\data\lyrics\Diosa_de_la_noche_-_Brunela_Crochenci.txt,1024,201
Diosa_de_la_noche_-_Brunela_Crochenci.mp3,..\data\audio\Diosa_de_la_noche_-_Brunela_Crochenci.mp3,230.0554648526077,44100,90.66611842105263,0.12921686470508575,2174.6100945684334,Diosa_de_la_noche_-_Brunela_Crochenci,Diosa_de_la_noche_-_Brunela_Crochenci.words.txt,..\data\lyrics\Diosa_de_la_noche_-_Brunela_Crochenci.words.txt,1018,201
Drei_Nüsse_-_patrouille.mp3,..\data\audio\Drei_Nüsse_-_patrouille.mp3,259.13027210884354,44100,132.51201923076923,0.275947630405426,2851.01907247978,Drei_Nüsse_-_patrouille,Drei_Nüsse_-_patrouille.txt,..\data\lyrics\Drei_Nüsse_-_patrouille.txt,2755,519
Drei_Nüsse_-_patrouille.mp3,..\data\audio\Drei_Nüsse_-_patrouille.mp3,259.13027210884354,44100,132.51201923076923,0.275947630405426,2851.01907247978,Drei_Nüsse_-_patrouille,Drei_Nüsse_-_patrouille.words.txt,..\data\lyrics\Drei_Nüsse_-_patrouille.words.txt,2748,519
En_liberté_-_tom.leyak.mp3,..\data\audio\En_liberté_-_tom.leyak.mp3,234.10233560090703,44100,105.46875,0.21358171105384827,2512.9253496057095,En_liberté_-_tom.leyak,En_liberté_-_tom.leyak.txt,..\data\lyrics\En_liberté_-_tom.leyak.txt,1526,313
En_liberté_-_tom.leyak.mp3,..\data\audio\En_liberté_-_tom.leyak.mp3,234.10233560090703,44100,105.46875,0.21358171105384827,2512.9253496057095,En_liberté_-_tom.leyak,En_liberté_-_tom.leyak.words.txt,..\data\lyrics\En_liberté_-_tom.leyak.words.txt,1522,313
Esencia_-_NandoMalo_.mp3,..\data\audio\Esencia_-_NandoMalo_.mp3,261.6,44100,99.38401442307692,0.13368049263954163,4259.727079545926,Esencia_-_NandoMalo_,Esencia_-_NandoMalo_.txt,..\data\lyrics\Esencia_-_NandoMalo_.txt,1696,334
Esencia_-_NandoMalo_.mp3,..\data\audio\Esencia_-_NandoMalo_.mp3,261.6,44100,99.38401442307692,0.13368049263954163,4259.727079545926,Esencia_-_NandoMalo_,Esencia_-_NandoMalo_.words.txt,..\data\lyrics\Esencia_-_NandoMalo_.words.txt,1690,334
Explosive_Ear_Candy_-_Like_The_Sun.mp3,..\data\audio\Explosive_Ear_Candy_-_Like_The_Sun.mp3,192.92165532879818,44100,129.19921875,0.19424831867218018,3695.3245496432673,Explosive_Ear_Candy_-_Like_The_Sun,Explosive_Ear_Candy_-_Like_The_Sun.txt,..\data\lyrics\Explosive_Ear_Candy_-_Like_The_Sun.txt,1299,283
Explosive_Ear_Candy_-_Like_The_Sun.mp3,..\data\audio\Explosive_Ear_Candy_-_Like_The_Sun.mp3,192.92165532879818,44100,129.19921875,0.19424831867218018,3695.3245496432673,Explosive_Ear_Candy_-_Like_The_Sun,Explosive_Ear_Candy_-_Like_The_Sun.words.txt,..\data\lyrics\Explosive_Ear_Candy_-_Like_The_Sun.words.txt,1291,283
Fantasma_-_Los_Rombos.mp3,..\data\audio\Fantasma_-_Los_Rombos.mp3,166.0135827664399,44100,109.95678191489361,0.07475647330284119,1868.5441518291332,Fantasma_-_Los_Rombos,Fantasma_-_Los_Rombos.txt,..\data\lyrics\Fantasma_-_Los_Rombos.txt,420,88
Fantasma_-_Los_Rombos.mp3,..\data\audio\Fantasma_-_Los_Rombos.mp3,166.0135827664399,44100,109.95678191489361,0.07475647330284119,1868.5441518291332,Fantasma_-_Los_Rombos,Fantasma_-_Los_Rombos.words.txt,..\data\lyrics\Fantasma_-_Los_Rombos.words.txt,416,88
Freifliegen_-_durch.dick.und.duenn.mp3,..\data\audio\Freifliegen_-_durch.dick.und.duenn.mp3,250.2559410430839,44100,120.18531976744185,0.1460578590631485,2660.59015670288,Freifliegen_-_durch.dick.und.duenn,Freifliegen_-_durch.dick.und.duenn.txt,..\data\lyrics\Freifliegen_-_durch.dick.und.duenn.txt,740,135
Freifliegen_-_durch.dick.und.duenn.mp3,..\data\audio\Freifliegen_-_durch.dick.und.duenn.mp3,250.2559410430839,44100,120.18531976744185,0.1460578590631485,2660.59015670288,Freifliegen_-_durch.dick.und.duenn,Freifliegen_-_durch.dick.und.duenn.words.txt,..\data\lyrics\Freifliegen_-_durch.dick.und.duenn.words.txt,734,135
Fußabdrücke_-_Andreas_Jachmann.mp3,..\data\audio\Fußabdrücke_-_Andreas_Jachmann.mp3,241.4875283446712,44100,99.38401442307692,0.21829500794410706,1977.5287046294343,Fußabdrücke_-_Andreas_Jachmann,Fußabdrücke_-_Andreas_Jachmann.txt,..\data\lyrics\Fußabdrücke_-_Andreas_Jachmann.txt,885,154
Fußabdrücke_-_Andreas_Jachmann.mp3,..\data\audio\Fußabdrücke_-_Andreas_Jachmann.mp3,241.4875283446712,44100,99.38401442307692,0.21829500794410706,1977.5287046294343,Fußabdrücke_-_Andreas_Jachmann,Fußabdrücke_-_Andreas_Jachmann.words.txt,..\data\lyrics\Fußabdrücke_-_Andreas_Jachmann.words.txt,881,154
Guayeteo_-_JhoyKing.mp3,..\data\audio\Guayeteo_-_JhoyKing.mp3,157.70993197278912,44100,95.703125,0.09888482093811035,2399.4328505053754,Guayeteo_-_JhoyKing,Guayeteo_-_JhoyKing.txt,..\data\lyrics\Guayeteo_-_JhoyKing.txt,1739,340
Guayeteo_-_JhoyKing.mp3,..\data\audio\Guayeteo_-_JhoyKing.mp3,157.70993197278912,44100,95.703125,0.09888482093811035,2399.4328505053754,Guayeteo_-_JhoyKing,Guayeteo_-_JhoyKing.words.txt,..\data\lyrics\Guayeteo_-_JhoyKing.words.txt,1737,340
HILA_-_Give_Me_the_Same.mp3,..\data\audio\HILA_-_Give_Me_the_Same.mp3,233.62498866213153,44100,107.666015625,0.2242201715707779,2968.614747053156,HILA_-_Give_Me_the_Same,HILA_-_Give_Me_the_Same.txt,..\data\lyrics\HILA_-_Give_Me_the_Same.txt,1523,325
HILA_-_Give_Me_the_Same.mp3,..\data\audio\HILA_-_Give_Me_the_Same.mp3,233.62498866213153,44100,107.666015625,0.2242201715707779,2968.614747053156,HILA_-_Give_Me_the_Same,HILA_-_Give_Me_the_Same.words.txt,..\data\lyrics\HILA_-_Give_Me_the_Same.words.txt,1523,325
Háblame_-_(Talk_to_me)_-_Brunela_Crochenci.mp3,..\data\audio\Háblame_-_(Talk_to_me)_-_Brunela_Crochenci.mp3,213.50875283446712,44100,107.666015625,0.13725149631500244,2396.489958571927,Háblame_-_(Talk_to_me)_-_Brunela_Crochenci,Háblame_-_(Talk_to_me)_-_Brunela_Crochenci.txt,..\data\lyrics\Háblame_-_(Talk_to_me)_-_Brunela_Crochenci.txt,577,106
Háblame_-_(Talk_to_me)_-_Brunela_Crochenci.mp3,..\data\audio\Háblame_-_(Talk_to_me)_-_Brunela_Crochenci.mp3,213.50875283446712,44100,107.666015625,0.13725149631500244,2396.489958571927,Háblame_-_(Talk_to_me)_-_Brunela_Crochenci,Háblame_-_(Talk_to_me)_-_Brunela_Crochenci.words.txt,..\data\lyrics\Háblame_-_(Talk_to_me)_-_Brunela_Crochenci.words.txt,569,106
Ich_kann_dich_nicht_vergessen_-_Wingenbach_Frank.mp3,..\data\audio\Ich_kann_dich_nicht_vergessen_-_Wingenbach_Frank.mp3,258.0,44100,120.18531976744185,0.238936185836792,4322.585142970608,Ich_kann_dich_nicht_vergessen_-_Wingenbach_Frank,Ich_kann_dich_nicht_vergessen_-_Wingenbach_Frank.txt,..\data\lyrics\Ich_kann_dich_nicht_vergessen_-_Wingenbach_Frank.txt,1056,198
Ich_kann_dich_nicht_vergessen_-_Wingenbach_Frank.mp3,..\data\audio\Ich_kann_dich_nicht_vergessen_-_Wingenbach_Frank.mp3,258.0,44100,120.18531976744185,0.238936185836792,4322.585142970608,Ich_kann_dich_nicht_vergessen_-_Wingenbach_Frank,Ich_kann_dich_nicht_vergessen_-_Wingenbach_Frank.words.txt,..\data\lyrics\Ich_kann_dich_nicht_vergessen_-_Wingenbach_Frank.words.txt,1050,198
Intentando_Destacar_-_Sundayers_.mp3,..\data\audio\Intentando_Destacar_-_Sundayers_.mp3,220.02342403628117,44100,95.703125,0.22057455778121948,3105.862232449411,Intentando_Destacar_-_Sundayers_,Intentando_Destacar_-_Sundayers_.txt,..\data\lyrics\Intentando_Destacar_-_Sundayers_.txt,1162,224
Intentando_Destacar_-_Sundayers_.mp3,..\data\audio\Intentando_Destacar_-_Sundayers_.mp3,220.02342403628117,44100,95.703125,0.22057455778121948,3105.862232449411,Intentando_Destacar_-_Sundayers_,Intentando_Destacar_-_Sundayers_.words.txt,..\data\lyrics\Intentando_Destacar_-_Sundayers_.words.txt,1154,224
Intro_[Pulsschlag]_-_Zeugen_der_Leere_(2).mp3,..\data\audio\Intro_[Pulsschlag]_-_Zeugen_der_Leere_(2).mp3,157.37142857142857,44100,105.46875,0.24175085127353668,2726.196099500361,Intro_[Pulsschlag]_-_Zeugen_der_Leere_(2),Intro_[Pulsschlag]_-_Zeugen_der_Leere_(2).txt,..\data\lyrics\Intro_[Pulsschlag]_-_Zeugen_der_Leere_(2).txt,470,82
Intro_[Pulsschlag]_-_Zeugen_der_Leere_(2).mp3,..\data\audio\Intro_[Pulsschlag]_-_Zeugen_der_Leere_(2).mp3,157.37142857142857,44100,105.46875,0.24175085127353668,2726.196099500361,Intro_[Pulsschlag]_-_Zeugen_der_Leere_(2),Intro_[Pulsschlag]_-_Zeugen_der_Leere_(2).words.txt,..\data\lyrics\Intro_[Pulsschlag]_-_Zeugen_der_Leere_(2).words.txt,469,82
JASON_MILLER_-_CROWD_PLEASER.mp3,..\data\audio\JASON_MILLER_-_CROWD_PLEASER.mp3,192.8,44100,105.46875,0.1686343550682068,2548.9537848533078,JASON_MILLER_-_CROWD_PLEASER,JASON_MILLER_-_CROWD_PLEASER.txt,..\data\lyrics\JASON_MILLER_-_CROWD_PLEASER.txt,2668,555
JASON_MILLER_-_CROWD_PLEASER.mp3,..\data\audio\JASON_MILLER_-_CROWD_PLEASER.mp3,192.8,44100,105.46875,0.1686343550682068,2548.9537848533078,JASON_MILLER_-_CROWD_PLEASER,JASON_MILLER_-_CROWD_PLEASER.words.txt,..\data\lyrics\JASON_MILLER_-_CROWD_PLEASER.words.txt,2659,555
Keine_Lust_-_Jonny_M.mp3,..\data\audio\Keine_Lust_-_Jonny_M.mp3,228.55108843537414,44100,166.70866935483872,0.15240803360939026,3805.4012282007243,Keine_Lust_-_Jonny_M,Keine_Lust_-_Jonny_M.txt,..\data\lyrics\Keine_Lust_-_Jonny_M.txt,2865,528
Keine_Lust_-_Jonny_M.mp3,..\data\audio\Keine_Lust_-_Jonny_M.mp3,228.55108843537414,44100,166.70866935483872,0.15240803360939026,3805.4012282007243,Keine_Lust_-_Jonny_M,Keine_Lust_-_Jonny_M.words.txt,..\data\lyrics\Keine_Lust_-_Jonny_M.words.txt,2845,528
Kinematic_-_Peyote.mp3,..\data\audio\Kinematic_-_Peyote.mp3,183.37333333333333,44100,129.19921875,0.3058856427669525,3587.888000003868,Kinematic_-_Peyote,Kinematic_-_Peyote.txt,..\data\lyrics\Kinematic_-_Peyote.txt,714,158
Kinematic_-_Peyote.mp3,..\data\audio\Kinematic_-_Peyote.mp3,183.37333333333333,44100,129.19921875,0.3058856427669525,3587.888000003868,Kinematic_-_Peyote,Kinematic_-_Peyote.words.txt,..\data\lyrics\Kinematic_-_Peyote.words.txt,711,158
LUNABLIND_-_Vision__Radio_Edit_.mp3,..\data\audio\LUNABLIND_-_Vision__Radio_Edit_.mp3,220.71428571428572,44100,126.04801829268293,0.19235847890377045,2506.608560232061,LUNABLIND_-_Vision__Radio_Edit_,LUNABLIND_-_Vision__Radio_Edit_.txt,..\data\lyrics\LUNABLIND_-_Vision__Radio_Edit_.txt,1379,295
LUNABLIND_-_Vision__Radio_Edit_.mp3,..\data\audio\LUNABLIND_-_Vision__Radio_Edit_.mp3,220.71428571428572,44100,126.04801829268293,0.19235847890377045,2506.608560232061,LUNABLIND_-_Vision__Radio_Edit_,LUNABLIND_-_Vision__Radio_Edit_.words.txt,..\data\lyrics\LUNABLIND_-_Vision__Radio_Edit_.words.txt,1372,295
La_rumba_del_coronavirus_-_Rich_Don_Jeri.mp3,..\data\audio\La_rumba_del_coronavirus_-_Rich_Don_Jeri.mp3,187.2,44100,135.99917763157896,0.23092402517795563,2108.0009342476046,La_rumba_del_coronavirus_-_Rich_Don_Jeri,La_rumba_del_coronavirus_-_Rich_Don_Jeri.txt,..\data\lyrics\La_rumba_del_coronavirus_-_Rich_Don_Jeri.txt,1462,224
La_rumba_del_coronavirus_-_Rich_Don_Jeri.mp3,..\data\audio\La_rumba_del_coronavirus_-_Rich_Don_Jeri.mp3,187.2,44100,135.99917763157896,0.23092402517795563,2108.0009342476046,La_rumba_del_coronavirus_-_Rich_Don_Jeri,La_rumba_del_coronavirus_-_Rich_Don_Jeri.words.txt,..\data\lyrics\La_rumba_del_coronavirus_-_Rich_Don_Jeri.words.txt,1450,224
Le_musée_d'air_contemporain_-_KPTN.mp3,..\data\audio\Le_musée_d'air_contemporain_-_KPTN.mp3,184.2031292517007,44100,109.95678191489361,0.1252429336309433,3790.354158032114,Le_musée_d'air_contemporain_-_KPTN,Le_musée_d'air_contemporain_-_KPTN.txt,..\data\lyrics\Le_musée_d'air_contemporain_-_KPTN.txt,1404,276
Le_musée_d'air_contemporain_-_KPTN.mp3,..\data\audio\Le_musée_d'air_contemporain_-_KPTN.mp3,184.2031292517007,44100,109.95678191489361,0.1252429336309433,3790.354158032114,Le_musée_d'air_contemporain_-_KPTN,Le_musée_d'air_contemporain_-_KPTN.words.txt,..\data\lyrics\Le_musée_d'air_contemporain_-_KPTN.words.txt,1397,276
Le_royaume_des_glous_glous_-_Raoul_de_QSM.mp3,..\data\audio\Le_royaume_des_glous_glous_-_Raoul_de_QSM.mp3,163.46875283446713,44100,184.5703125,0.08899514377117157,3569.9471229252267,Le_royaume_des_glous_glous_-_Raoul_de_QSM,Le_royaume_des_glous_glous_-_Raoul_de_QSM.txt,..\data\lyrics\Le_royaume_des_glous_glous_-_Raoul_de_QSM.txt,1164,218
Le_royaume_des_glous_glous_-_Raoul_de_QSM.mp3,..\data\audio\Le_royaume_des_glous_glous_-_Raoul_de_QSM.mp3,163.46875283446713,44100,184.5703125,0.08899514377117157,3569.9471229252267,Le_royaume_des_glous_glous_-_Raoul_de_QSM,Le_royaume_des_glous_glous_-_Raoul_de_QSM.words.txt,..\data\lyrics\Le_royaume_des_glous_glous_-_Raoul_de_QSM.words.txt,1159,218
Les_files_d'attente_-_Law'.mp3,..\data\audio\Les_files_d'attente_-_Law'.mp3,195.5952380952381,44100,126.04801829268293,0.2645602226257324,2553.7191823775343,Les_files_d'attente_-_Law',Les_files_d'attente_-_Law'.txt,..\data\lyrics\Les_files_d'attente_-_Law'.txt,1600,349
Les_files_d'attente_-_Law'.mp3,..\data\audio\Les_files_d'attente_-_Law'.mp3,195.5952380952381,44100,126.04801829268293,0.2645602226257324,2553.7191823775343,Les_files_d'attente_-_Law',Les_files_d'attente_-_Law'.words.txt,..\data\lyrics\Les_files_d'attente_-_Law'.words.txt,1588,349
Libre_by_CybeR_AttaCK_-_CyberAttacK.mp3,..\data\audio\Libre_by_CybeR_AttaCK_-_CyberAttacK.mp3,216.93102040816328,44100,132.51201923076923,0.12872500717639923,3753.6116699321237,Libre_by_CybeR_AttaCK_-_CyberAttacK,Libre_by_CybeR_AttaCK_-_CyberAttacK.txt,..\data\lyrics\Libre_by_CybeR_AttaCK_-_CyberAttacK.txt,2281,425
Libre_by_CybeR_AttaCK_-_CyberAttacK.mp3,..\data\audio\Libre_by_CybeR_AttaCK_-_CyberAttacK.mp3,216.93102040816328,44100,132.51201923076923,0.12872500717639923,3753.6116699321237,Libre_by_CybeR_AttaCK_-_CyberAttacK,Libre_by_CybeR_AttaCK_-_CyberAttacK.words.txt,..\data\lyrics\Libre_by_CybeR_AttaCK_-_CyberAttacK.words.txt,2266,425
Lower_Loveday_-_Is_It_Right_.mp3,..\data\audio\Lower_Loveday_-_Is_It_Right_.mp3,180.06149659863945,44100,135.99917763157896,0.2283071130514145,2419.784913523695,Lower_Loveday_-_Is_It_Right_,Lower_Loveday_-_Is_It_Right_.txt,..\data\lyrics\Lower_Loveday_-_Is_It_Right_.txt,1117,234
Lower_Loveday_-_Is_It_Right_.mp3,..\data\audio\Lower_Loveday_-_Is_It_Right_.mp3,180.06149659863945,44100,135.99917763157896,0.2283071130514145,2419.784913523695,Lower_Loveday_-_Is_It_Right_,Lower_Loveday_-_Is_It_Right_.words.txt,..\data\lyrics\Lower_Loveday_-_Is_It_Right_.words.txt,1110,234
Mes_Larmes_-_kobzx2z.mp3,..\data\audio\Mes_Larmes_-_kobzx2z.mp3,158.81501133786847,44100,184.5703125,0.13583050668239594,2273.539113023557,Mes_Larmes_-_kobzx2z,Mes_Larmes_-_kobzx2z.txt,..\data\lyrics\Mes_Larmes_-_kobzx2z.txt,2102,454
Mes_Larmes_-_kobzx2z.mp3,..\data\audio\Mes_Larmes_-_kobzx2z.mp3,158.81501133786847,44100,184.5703125,0.13583050668239594,2273.539113023557,Mes_Larmes_-_kobzx2z,Mes_Larmes_-_kobzx2z.words.txt,..\data\lyrics\Mes_Larmes_-_kobzx2z.words.txt,2094,454
Moon_I_Mean_-_Wrong_Concept.mp3,..\data\audio\Moon_I_Mean_-_Wrong_Concept.mp3,219.99566893424037,44100,147.65625,0.17922621965408325,3087.7444634605818,Moon_I_Mean_-_Wrong_Concept,Moon_I_Mean_-_Wrong_Concept.txt,..\data\lyrics\Moon_I_Mean_-_Wrong_Concept.txt,1329,279
Moon_I_Mean_-_Wrong_Concept.mp3,..\data\audio\Moon_I_Mean_-_Wrong_Concept.mp3,219.99566893424037,44100,147.65625,0.17922621965408325,3087.7444634605818,Moon_I_Mean_-_Wrong_Concept,Moon_I_Mean_-_Wrong_Concept.words.txt,..\data\lyrics\Moon_I_Mean_-_Wrong_Concept.words.txt,1323,279
Musik_-_Heiko.mp3,..\data\audio\Musik_-_Heiko.mp3,295.1271655328798,44100,132.51201923076923,0.07893617451190948,1422.2598613358166,Musik_-_Heiko,Musik_-_Heiko.txt,..\data\lyrics\Musik_-_Heiko.txt,1301,238
Musik_-_Heiko.mp3,..\data\audio\Musik_-_Heiko.mp3,295.1271655328798,44100,132.51201923076923,0.07893617451190948,1422.2598613358166,Musik_-_Heiko,Musik_-_Heiko.words.txt,..\data\lyrics\Musik_-_Heiko.words.txt,1296,238
Mère_nature_-_Law'.mp3,..\data\audio\Mère_nature_-_Law'.mp3,225.27272108843536,44100,109.95678191489361,0.1848151683807373,3582.35710337843,Mère_nature_-_Law',Mère_nature_-_Law'.txt,..\data\lyrics\Mère_nature_-_Law'.txt,1269,281
Mère_nature_-_Law'.mp3,..\data\audio\Mère_nature_-_Law'.mp3,225.27272108843536,44100,109.95678191489361,0.1848151683807373,3582.35710337843,Mère_nature_-_Law',Mère_nature_-_Law'.words.txt,..\data\lyrics\Mère_nature_-_Law'.words.txt,1260,281
POIGNEE_DE_MAIN_-_Cabbac.mp3,..\data\audio\POIGNEE_DE_MAIN_-_Cabbac.mp3,209.03183673469388,44100,86.1328125,0.14947815239429474,1540.9854310639332,POIGNEE_DE_MAIN_-_Cabbac,POIGNEE_DE_MAIN_-_Cabbac.txt,..\data\lyrics\POIGNEE_DE_MAIN_-_Cabbac.txt,892,156
POIGNEE_DE_MAIN_-_Cabbac.mp3,..\data\audio\POIGNEE_DE_MAIN_-_Cabbac.mp3,209.03183673469388,44100,86.1328125,0.14947815239429474,1540.9854310639332,POIGNEE_DE_MAIN_-_Cabbac,POIGNEE_DE_MAIN_-_Cabbac.words.txt,..\data\lyrics\POIGNEE_DE_MAIN_-_Cabbac.words.txt,888,156
Palabras_-_Javier_Gomez_Bello.mp3,..\data\audio\Palabras_-_Javier_Gomez_Bello.mp3,216.22421768707483,44100,112.34714673913044,0.2548586428165436,2771.7106294138657,Palabras_-_Javier_Gomez_Bello,Palabras_-_Javier_Gomez_Bello.txt,..\data\lyrics\Palabras_-_Javier_Gomez_Bello.txt,1129,212
Palabras_-_Javier_Gomez_Bello.mp3,..\data\audio\Palabras_-_Javier_Gomez_Bello.mp3,216.22421768707483,44100,112.34714673913044,0.2548586428165436,2771.7106294138657,Palabras_-_Javier_Gomez_Bello,Palabras_-_Javier_Gomez_Bello.words.txt,..\data\lyrics\Palabras_-_Javier_Gomez_Bello.words.txt,1124,212
Pas_que_tes_pas_-_AZUL.mp3,..\data\audio\Pas_que_tes_pas_-_AZUL.mp3,202.41333333333333,44100,117.45383522727273,0.2545871138572693,2787.8744340415274,Pas_que_tes_pas_-_AZUL,Pas_que_tes_pas_-_AZUL.txt,..\data\lyrics\Pas_que_tes_pas_-_AZUL.txt,1416,296
Pas_que_tes_pas_-_AZUL.mp3,..\data\audio\Pas_que_tes_pas_-_AZUL.mp3,202.41333333333333,44100,117.45383522727273,0.2545871138572693,2787.8744340415274,Pas_que_tes_pas_-_AZUL,Pas_que_tes_pas_-_AZUL.words.txt,..\data\lyrics\Pas_que_tes_pas_-_AZUL.words.txt,1412,296
Pluie_d'entre_deux_saisons_-_Midnight_Prefou.mp3,..\data\audio\Pluie_d'entre_deux_saisons_-_Midnight_Prefou.mp3,205.02666666666667,44100,120.18531976744185,0.14086024463176727,1296.8145608789232,Pluie_d'entre_deux_saisons_-_Midnight_Prefou,Pluie_d'entre_deux_saisons_-_Midnight_Prefou.txt,..\data\lyrics\Pluie_d'entre_deux_saisons_-_Midnight_Prefou.txt,705,138
Pluie_d'entre_deux_saisons_-_Midnight_Prefou.mp3,..\data\audio\Pluie_d'entre_deux_saisons_-_Midnight_Prefou.mp3,205.02666666666667,44100,120.18531976744185,0.14086024463176727,1296.8145608789232,Pluie_d'entre_deux_saisons_-_Midnight_Prefou,Pluie_d'entre_deux_saisons_-_Midnight_Prefou.words.txt,..\data\lyrics\Pluie_d'entre_deux_saisons_-_Midnight_Prefou.words.txt,697,138
Pure_Mids_-_The_Leader.mp3,..\data\audio\Pure_Mids_-_The_Leader.mp3,262.4,44100,74.89809782608695,0.23709137737751007,2528.2371137124182,Pure_Mids_-_The_Leader,Pure_Mids_-_The_Leader.txt,..\data\lyrics\Pure_Mids_-_The_Leader.txt,486,119
Pure_Mids_-_The_Leader.mp3,..\data\audio\Pure_Mids_-_The_Leader.mp3,262.4,44100,74.89809782608695,0.23709137737751007,2528.2371137124182,Pure_Mids_-_The_Leader,Pure_Mids_-_The_Leader.words.txt,..\data\lyrics\Pure_Mids_-_The_Leader.words.txt,481,119
Quentin_Hannappe_-_Keep_On.mp3,..\data\audio\Quentin_Hannappe_-_Keep_On.mp3,189.84,44100,105.46875,0.18542392551898956,2141.629571112039,Quentin_Hannappe_-_Keep_On,Quentin_Hannappe_-_Keep_On.txt,..\data\lyrics\Quentin_Hannappe_-_Keep_On.txt,910,186
Quentin_Hannappe_-_Keep_On.mp3,..\data\audio\Quentin_Hannappe_-_Keep_On.mp3,189.84,44100,105.46875,0.18542392551898956,2141.629571112039,Quentin_Hannappe_-_Keep_On,Quentin_Hannappe_-_Keep_On.words.txt,..\data\lyrics\Quentin_Hannappe_-_Keep_On.words.txt,904,186
Quiero_y_Puedo_-_Nacidos_de_la_Tierra.mp3,..\data\audio\Quiero_y_Puedo_-_Nacidos_de_la_Tierra.mp3,236.15854875283446,44100,90.66611842105263,0.33696606755256653,3620.0501316603754,Quiero_y_Puedo_-_Nacidos_de_la_Tierra,Quiero_y_Puedo_-_Nacidos_de_la_Tierra.txt,..\data\lyrics\Quiero_y_Puedo_-_Nacidos_de_la_Tierra.txt,3228,640
Quiero_y_Puedo_-_Nacidos_de_la_Tierra.mp3,..\data\audio\Quiero_y_Puedo_-_Nacidos_de_la_Tierra.mp3,236.15854875283446,44100,90.66611842105263,0.33696606755256653,3620.0501316603754,Quiero_y_Puedo_-_Nacidos_de_la_Tierra,Quiero_y_Puedo_-_Nacidos_de_la_Tierra.words.txt,..\data\lyrics\Quiero_y_Puedo_-_Nacidos_de_la_Tierra.words.txt,3221,640
Ridgway_-_Fire_Inside.mp3,..\data\audio\Ridgway_-_Fire_Inside.mp3,283.93020408163267,44100,97.50884433962264,0.2697559893131256,2860.9583033690815,Ridgway_-_Fire_Inside,Ridgway_-_Fire_Inside.txt,..\data\lyrics\Ridgway_-_Fire_Inside.txt,1408,314
Ridgway_-_Fire_Inside.mp3,..\data\audio\Ridgway_-_Fire_Inside.mp3,283.93020408163267,44100,97.50884433962264,0.2697559893131256,2860.9583033690815,Ridgway_-_Fire_Inside,Ridgway_-_Fire_Inside.words.txt,..\data\lyrics\Ridgway_-_Fire_Inside.words.txt,1346,314
Rxbyn_-_Bad_Side.mp3,..\data\audio\Rxbyn_-_Bad_Side.mp3,216.55523809523808,44100,109.95678191489361,0.25021448731422424,4756.176113619931,Rxbyn_-_Bad_Side,Rxbyn_-_Bad_Side.txt,..\data\lyrics\Rxbyn_-_Bad_Side.txt,1908,461
Rxbyn_-_Bad_Side.mp3,..\data\audio\Rxbyn_-_Bad_Side.mp3,216.55523809523808,44100,109.95678191489361,0.25021448731422424,4756.176113619931,Rxbyn_-_Bad_Side,Rxbyn_-_Bad_Side.words.txt,..\data\lyrics\Rxbyn_-_Bad_Side.words.txt,1902,461
SHANEY_23_feat._G1NA_G._x_In_den_Strassen_-_Shaney_23.mp3,..\data\audio\SHANEY_23_feat._G1NA_G._x_In_den_Strassen_-_Shaney_23.mp3,211.33167800453515,44100,120.18531976744185,0.26622501015663147,3559.387559896803,SHANEY_23_feat._G1NA_G._x_In_den_Strassen_-_Shaney_23,SHANEY_23_feat._G1NA_G._x_In_den_Strassen_-_Shaney_23.txt,..\data\lyrics\SHANEY_23_feat._G1NA_G._x_In_den_Strassen_-_Shaney_23.txt,2663,448
SHANEY_23_feat._G1NA_G._x_In_den_Strassen_-_Shaney_23.mp3,..\data\audio\SHANEY_23_feat._G1NA_G._x_In_den_Strassen_-_Shaney_23.mp3,211.33167800453515,44100,120.18531976744185,0.26622501015663147,3559.387559896803,SHANEY_23_feat._G1NA_G._x_In_den_Strassen_-_Shaney_23,SHANEY_23_feat._G1NA_G._x_In_den_Strassen_-_Shaney_23.words.txt,..\data\lyrics\SHANEY_23_feat._G1NA_G._x_In_den_Strassen_-_Shaney_23.words.txt,2658,448
Schnodderdodder_-_Abendblau.mp3,..\data\audio\Schnodderdodder_-_Abendblau.mp3,196.96070294784582,44100,147.65625,0.1563253402709961,2994.711959404453,Schnodderdodder_-_Abendblau,Schnodderdodder_-_Abendblau.txt,..\data\lyrics\Schnodderdodder_-_Abendblau.txt,1741,291
Schnodderdodder_-_Abendblau.mp3,..\data\audio\Schnodderdodder_-_Abendblau.mp3,196.96070294784582,44100,147.65625,0.1563253402709961,2994.711959404453,Schnodderdodder_-_Abendblau,Schnodderdodder_-_Abendblau.words.txt,..\data\lyrics\Schnodderdodder_-_Abendblau.words.txt,1734,291
Sehnsucht-Unplugged_-_REH-TORTE.mp3,..\data\audio\Sehnsucht-Unplugged_-_REH-TORTE.mp3,233.44,44100,126.04801829268293,0.12092293798923492,2452.7027153338345,Sehnsucht-Unplugged_-_REH-TORTE,Sehnsucht-Unplugged_-_REH-TORTE.txt,..\data\lyrics\Sehnsucht-Unplugged_-_REH-TORTE.txt,816,158
Sehnsucht-Unplugged_-_REH-TORTE.mp3,..\data\audio\Sehnsucht-Unplugged_-_REH-TORTE.mp3,233.44,44100,126.04801829268293,0.12092293798923492,2452.7027153338345,Sehnsucht-Unplugged_-_REH-TORTE,Sehnsucht-Unplugged_-_REH-TORTE.words.txt,..\data\lyrics\Sehnsucht-Unplugged_-_REH-TORTE.words.txt,810,158
Sin_miedo_-_Living_Camboya.mp3,..\data\audio\Sin_miedo_-_Living_Camboya.mp3,222.88684807256234,44100,117.45383522727273,0.2694016396999359,2539.9231525630335,Sin_miedo_-_Living_Camboya,Sin_miedo_-_Living_Camboya.txt,..\data\lyrics\Sin_miedo_-_Living_Camboya.txt,942,171
Sin_miedo_-_Living_Camboya.mp3,..\data\audio\Sin_miedo_-_Living_Camboya.mp3,222.88684807256234,44100,117.45383522727273,0.2694016396999359,2539.9231525630335,Sin_miedo_-_Living_Camboya,Sin_miedo_-_Living_Camboya.words.txt,..\data\lyrics\Sin_miedo_-_Living_Camboya.words.txt,934,171
Slingshot_Miracle_-_Whistler.mp3,..\data\audio\Slingshot_Miracle_-_Whistler.mp3,229.2247619047619,44100,112.34714673913044,0.1533222198486328,2433.537227684409,Slingshot_Miracle_-_Whistler,Slingshot_Miracle_-_Whistler.txt,..\data\lyrics\Slingshot_Miracle_-_Whistler.txt,899,172
Slingshot_Miracle_-_Whistler.mp3,..\data\audio\Slingshot_Miracle_-_Whistler.mp3,229.2247619047619,44100,112.34714673913044,0.1533222198486328,2433.537227684409,Slingshot_Miracle_-_Whistler,Slingshot_Miracle_-_Whistler.words.txt,..\data\lyrics\Slingshot_Miracle_-_Whistler.words.txt,894,172
Songwriterz_-_Back_In_Time.mp3,..\data\audio\Songwriterz_-_Back_In_Time.mp3,209.03385487528345,44100,86.1328125,0.22119563817977905,3147.283180210744,Songwriterz_-_Back_In_Time,Songwriterz_-_Back_In_Time.txt,..\data\lyrics\Songwriterz_-_Back_In_Time.txt,1221,257
Songwriterz_-_Back_In_Time.mp3,..\data\audio\Songwriterz_-_Back_In_Time.mp3,209.03385487528345,44100,86.1328125,0.22119563817977905,3147.283180210744,Songwriterz_-_Back_In_Time,Songwriterz_-_Back_In_Time.words.txt,..\data\lyrics\Songwriterz_-_Back_In_Time.words.txt,1215,257
Séculaire_feat._Nÿme_-_saru.mp3,..\data\audio\Séculaire_feat._Nÿme_-_saru.mp3,158.92,44100,105.46875,0.320951908826828,2146.931564475487,Séculaire_feat._Nÿme_-_saru,Séculaire_feat._Nÿme_-_saru.txt,..\data\lyrics\Séculaire_feat._Nÿme_-_saru.txt,2046,372
Séculaire_feat._Nÿme_-_saru.mp3,..\data\audio\Séculaire_feat._Nÿme_-_saru.mp3,158.92,44100,105.46875,0.320951908826828,2146.931564475487,Séculaire_feat._Nÿme_-_saru,Séculaire_feat._Nÿme_-_saru.words.txt,..\data\lyrics\Séculaire_feat._Nÿme_-_saru.words.txt,2041,372
Te_Recuerdo_-_Wilson_Way.mp3,..\data\audio\Te_Recuerdo_-_Wilson_Way.mp3,193.68,44100,78.30255681818181,0.15944866836071014,3175.469636411678,Te_Recuerdo_-_Wilson_Way,Te_Recuerdo_-_Wilson_Way.txt,..\data\lyrics\Te_Recuerdo_-_Wilson_Way.txt,2178,458
Te_Recuerdo_-_Wilson_Way.mp3,..\data\audio\Te_Recuerdo_-_Wilson_Way.mp3,193.68,44100,78.30255681818181,0.15944866836071014,3175.469636411678,Te_Recuerdo_-_Wilson_Way,Te_Recuerdo_-_Wilson_Way.words.txt,..\data\lyrics\Te_Recuerdo_-_Wilson_Way.words.txt,2167,458
The.madpix.project_-_One_Way_Street.mp3,..\data\audio\The.madpix.project_-_One_Way_Street.mp3,171.0,44100,139.6748310810811,0.24528081715106964,2803.3332217986904,The.madpix.project_-_One_Way_Street,The.madpix.project_-_One_Way_Street.txt,..\data\lyrics\The.madpix.project_-_One_Way_Street.txt,920,196
The.madpix.project_-_One_Way_Street.mp3,..\data\audio\The.madpix.project_-_One_Way_Street.mp3,171.0,44100,139.6748310810811,0.24528081715106964,2803.3332217986904,The.madpix.project_-_One_Way_Street,The.madpix.project_-_One_Way_Street.words.txt,..\data\lyrics\The.madpix.project_-_One_Way_Street.words.txt,912,196
The_Rinn_-_Voices__2017_Version_.mp3,..\data\audio\The_Rinn_-_Voices__2017_Version_.mp3,231.22430839002268,44100,120.18531976744185,0.2785949409008026,3419.293487221703,The_Rinn_-_Voices__2017_Version_,The_Rinn_-_Voices__2017_Version_.txt,..\data\lyrics\The_Rinn_-_Voices__2017_Version_.txt,1180,212
The_Rinn_-_Voices__2017_Version_.mp3,..\data\audio\The_Rinn_-_Voices__2017_Version_.mp3,231.22430839002268,44100,120.18531976744185,0.2785949409008026,3419.293487221703,The_Rinn_-_Voices__2017_Version_,The_Rinn_-_Voices__2017_Version_.words.txt,..\data\lyrics\The_Rinn_-_Voices__2017_Version_.words.txt,1173,212
Tom_Orlando_-_The_One__feat._Tina_G_.mp3,..\data\audio\Tom_Orlando_-_The_One__feat._Tina_G_.mp3,240.04625850340136,44100,161.4990234375,0.23610563576221466,2331.5016153777406,Tom_Orlando_-_The_One__feat._Tina_G_,Tom_Orlando_-_The_One__feat._Tina_G_.txt,..\data\lyrics\Tom_Orlando_-_The_One__feat._Tina_G_.txt,2365,527
Tom_Orlando_-_The_One__feat._Tina_G_.mp3,..\data\audio\Tom_Orlando_-_The_One__feat._Tina_G_.mp3,240.04625850340136,44100,161.4990234375,0.23610563576221466,2331.5016153777406,Tom_Orlando_-_The_One__feat._Tina_G_,Tom_Orlando_-_The_One__feat._Tina_G_.words.txt,..\data\lyrics\Tom_Orlando_-_The_One__feat._Tina_G_.words.txt,2355,527
Une_Vie_De_Roi_-_david.mp3,..\data\audio\Une_Vie_De_Roi_-_david.mp3,302.9681859410431,44100,120.18531976744185,0.17212703824043274,1841.9473030762588,Une_Vie_De_Roi_-_david,Une_Vie_De_Roi_-_david.txt,..\data\lyrics\Une_Vie_De_Roi_-_david.txt,1720,330
Une_Vie_De_Roi_-_david.mp3,..\data\audio\Une_Vie_De_Roi_-_david.mp3,302.9681859410431,44100,120.18531976744185,0.17212703824043274,1841.9473030762588,Une_Vie_De_Roi_-_david,Une_Vie_De_Roi_-_david.words.txt,..\data\lyrics\Une_Vie_De_Roi_-_david.words.txt,1701,330
Vente_-_Fafarulo_Calabaza.mp3,..\data\audio\Vente_-_Fafarulo_Calabaza.mp3,336.0,44100,99.38401442307692,0.22036689519882202,3965.0829987153465,Vente_-_Fafarulo_Calabaza,Vente_-_Fafarulo_Calabaza.txt,..\data\lyrics\Vente_-_Fafarulo_Calabaza.txt,2494,505
Vente_-_Fafarulo_Calabaza.mp3,..\data\audio\Vente_-_Fafarulo_Calabaza.mp3,336.0,44100,99.38401442307692,0.22036689519882202,3965.0829987153465,Vente_-_Fafarulo_Calabaza,Vente_-_Fafarulo_Calabaza.words.txt,..\data\lyrics\Vente_-_Fafarulo_Calabaza.words.txt,2471,505
Veränderung_-_doromusis.mp3,..\data\audio\Veränderung_-_doromusis.mp3,193.7950113378685,44100,86.1328125,0.19207467138767242,1581.4017553836984,Veränderung_-_doromusis,Veränderung_-_doromusis.txt,..\data\lyrics\Veränderung_-_doromusis.txt,1140,213
Veränderung_-_doromusis.mp3,..\data\audio\Veränderung_-_doromusis.mp3,193.7950113378685,44100,86.1328125,0.19207467138767242,1581.4017553836984,Veränderung_-_doromusis,Veränderung_-_doromusis.words.txt,..\data\lyrics\Veränderung_-_doromusis.words.txt,1131,213
Wordsmith_-_The_Statement.mp3,..\data\audio\Wordsmith_-_The_Statement.mp3,171.2,44100,151.99908088235293,0.23032709956169128,4102.975461131181,Wordsmith_-_The_Statement,Wordsmith_-_The_Statement.txt,..\data\lyrics\Wordsmith_-_The_Statement.txt,2803,624
Wordsmith_-_The_Statement.mp3,..\data\audio\Wordsmith_-_The_Statement.mp3,171.2,44100,151.99908088235293,0.23032709956169128,4102.975461131181,Wordsmith_-_The_Statement,Wordsmith_-_The_Statement.words.txt,..\data\lyrics\Wordsmith_-_The_Statement.words.txt,2797,624
Yuanan_-_Miedo_-_Yuanan.mp3,..\data\audio\Yuanan_-_Miedo_-_Yuanan.mp3,169.22149659863945,44100,172.265625,0.17352043092250824,3081.3159279900947,Yuanan_-_Miedo_-_Yuanan,Yuanan_-_Miedo_-_Yuanan.txt,..\data\lyrics\Yuanan_-_Miedo_-_Yuanan.txt,1385,268
Yuanan_-_Miedo_-_Yuanan.mp3,..\data\audio\Yuanan_-_Miedo_-_Yuanan.mp3,169.22149659863945,44100,172.265625,0.17352043092250824,3081.3159279900947,Yuanan_-_Miedo_-_Yuanan,Yuanan_-_Miedo_-_Yuanan.words.txt,..\data\lyrics\Yuanan_-_Miedo_-_Yuanan.words.txt,1385,268
de_bonne_humeur_-_Le_Nez_Tordu.mp3,..\data\audio\de_bonne_humeur_-_Le_Nez_Tordu.mp3,161.152947845805,44100,123.046875,0.2260569930076599,2013.202288355412,de_bonne_humeur_-_Le_Nez_Tordu,de_bonne_humeur_-_Le_Nez_Tordu.txt,..\data\lyrics\de_bonne_humeur_-_Le_Nez_Tordu.txt,1398,298
de_bonne_humeur_-_Le_Nez_Tordu.mp3,..\data\audio\de_bonne_humeur_-_Le_Nez_Tordu.mp3,161.152947845805,44100,123.046875,0.2260569930076599,2013.202288355412,de_bonne_humeur_-_Le_Nez_Tordu,de_bonne_humeur_-_Le_Nez_Tordu.words.txt,..\data\lyrics\de_bonne_humeur_-_Le_Nez_Tordu.words.txt,1392,298
dich_gehen_zu_sehn._-_Wingenbach_Frank.mp3,..\data\audio\dich_gehen_zu_sehn._-_Wingenbach_Frank.mp3,192.8719501133787,44100,139.6748310810811,0.08725880831480026,1917.0135660021406,dich_gehen_zu_sehn._-_Wingenbach_Frank,dich_gehen_zu_sehn._-_Wingenbach_Frank.txt,..\data\lyrics\dich_gehen_zu_sehn._-_Wingenbach_Frank.txt,865,186
dich_gehen_zu_sehn._-_Wingenbach_Frank.mp3,..\data\audio\dich_gehen_zu_sehn._-_Wingenbach_Frank.mp3,192.8719501133787,44100,139.6748310810811,0.08725880831480026,1917.0135660021406,dich_gehen_zu_sehn._-_Wingenbach_Frank,dich_gehen_zu_sehn._-_Wingenbach_Frank.words.txt,..\data\lyrics\dich_gehen_zu_sehn._-_Wingenbach_Frank.words.txt,859,186
l'abandon_-_flo.mp3,..\data\audio\l'abandon_-_flo.mp3,209.69931972789115,44100,103.359375,0.13142694532871246,1969.5072664943523,l'abandon_-_flo,l'abandon_-_flo.txt,..\data\lyrics\l'abandon_-_flo.txt,1744,369
l'abandon_-_flo.mp3,..\data\audio\l'abandon_-_flo.mp3,209.69931972789115,44100,103.359375,0.13142694532871246,1969.5072664943523,l'abandon_-_flo,l'abandon_-_flo.words.txt,..\data\lyrics\l'abandon_-_flo.words.txt,1734,369
te_amo_-_fabios_la_nueva_expresion_de_la_cancion.mp3,..\data\audio\te_amo_-_fabios_la_nueva_expresion_de_la_cancion.mp3,194.76519274376417,44100,109.95678191489361,0.18323393166065216,3177.507838237752,te_amo_-_fabios_la_nueva_expresion_de_la_cancion,te_amo_-_fabios_la_nueva_expresion_de_la_cancion.txt,..\data\lyrics\te_amo_-_fabios_la_nueva_expresion_de_la_cancion.txt,885,169
te_amo_-_fabios_la_nueva_expresion_de_la_cancion.mp3,..\data\audio\te_amo_-_fabios_la_nueva_expresion_de_la_cancion.mp3,194.76519274376417,44100,109.95678191489361,0.18323393166065216,3177.507838237752,te_amo_-_fabios_la_nueva_expresion_de_la_cancion,te_amo_-_fabios_la_nueva_expresion_de_la_cancion.words.txt,..\data\lyrics\te_amo_-_fabios_la_nueva_expresion_de_la_cancion.words.txt,878,169
¡Óyeme_tiburón!_-_Corrientes.mp3,..\data\audio\¡Óyeme_tiburón!_-_Corrientes.mp3,180.13111111111112,44100,114.84375,0.21412381529808044,2502.29890723066,¡Óyeme_tiburón!_-_Corrientes,¡Óyeme_tiburón!_-_Corrientes.txt,..\data\lyrics\¡Óyeme_tiburón!_-_Corrientes.txt,1004,210
¡Óyeme_tiburón!_-_Corrientes.mp3,..\data\audio\¡Óyeme_tiburón!_-_Corrientes.mp3,180.13111111111112,44100,114.84375,0.21412381529808044,2502.29890723066,¡Óyeme_tiburón!_-_Corrientes,¡Óyeme_tiburón!_-_Corrientes.words.txt,..\data\lyrics\¡Óyeme_tiburón!_-_Corrientes.words.txt,985,210
